"","marker","effect","effabs","SNP"
"48",1293,1.38188720740707,1.38188720740707,"M1293"
"19",7517,-1.15412430479083,1.15412430479083,"M7517"
"1",8133,-0.983866481431048,0.983866481431048,"M8133"
"50",4264,0.848561941926576,0.848561941926576,"M4264"
"24",1491,0.788862476802958,0.788862476802958,"M1491"
"11",4584,-0.720865413717938,0.720865413717938,"M4584"
"27",8210,0.716743391954401,0.716743391954401,"M8210"
"40",3571,-0.704882352344071,0.704882352344071,"M3571"
"46",6836,0.652816022534836,0.652816022534836,"M6836"
"6",6571,0.63551346229151,0.63551346229151,"M6571"
"32",6506,0.599686637642739,0.599686637642739,"M6506"
"45",1184,0.576932078067563,0.576932078067563,"M1184"
"9",1132,-0.561507908447627,0.561507908447627,"M1132"
"13",1154,-0.552650870068419,0.552650870068419,"M1154"
"4",7804,0.534499387875411,0.534499387875411,"M7804"
"36",727,-0.465924080107262,0.465924080107262,"M727"
"23",2233,-0.459297103538852,0.459297103538852,"M2233"
"47",1993,-0.456105212571118,0.456105212571118,"M1993"
"22",2149,-0.451316479838688,0.451316479838688,"M2149"
"21",1774,-0.447959824389997,0.447959824389997,"M1774"
"37",4719,-0.434670706388693,0.434670706388693,"M4719"
"39",8324,0.432335477608683,0.432335477608683,"M8324"
"35",4580,0.416861820379861,0.416861820379861,"M4580"
"34",4417,-0.416711584717638,0.416711584717638,"M4417"
"44",1494,0.395317679928119,0.395317679928119,"M1494"
"29",2966,0.394782607702824,0.394782607702824,"M2966"
"43",8951,0.315865485518313,0.315865485518313,"M8951"
"25",6676,-0.302793296201435,0.302793296201435,"M6676"
"8",3996,0.27680299120345,0.27680299120345,"M3996"
"38",5203,0.271705708420344,0.271705708420344,"M5203"
"42",6564,-0.265254778110846,0.265254778110846,"M6564"
"3",7751,-0.264930281492985,0.264930281492985,"M7751"
"33",5778,-0.264258523605587,0.264258523605587,"M5778"
"2",6320,-0.238025534967254,0.238025534967254,"M6320"
"26",435,0.23647248623377,0.23647248623377,"M435"
"31",6036,-0.228089191101748,0.228089191101748,"M6036"
"41",5195,-0.222729115401094,0.222729115401094,"M5195"
"20",981,-0.213259310645893,0.213259310645893,"M981"
"15",759,-0.200859992925831,0.200859992925831,"M759"
"14",1440,-0.186368443567049,0.186368443567049,"M1440"
"17",1701,0.156335230916117,0.156335230916117,"M1701"
"10",9406,-0.10342940834702,0.10342940834702,"M9406"
"12",9128,0.0968323272266906,0.0968323272266906,"M9128"
"5",6028,0.0869704149700068,0.0869704149700068,"M6028"
"7",3062,0.0784635671604614,0.0784635671604614,"M3062"
"28",3405,-0.0734216084899301,0.0734216084899301,"M3405"
"16",1918,0.0692631266295762,0.0692631266295762,"M1918"
"30",3900,-0.0460435289077689,0.0460435289077689,"M3900"
"49",670,-0.045203402525812,0.045203402525812,"M670"
"18",92,0.0267476500119963,0.0267476500119963,"M92"
